{"eval_ema/top5":0.5942275042444821,"eval_ema/advtop1":0,"_timestamp":1.7635670303968825e+09,"eval/advtop5":0,"eval/advloss":0,"_runtime":1029.181663795,"eval/top5":2.207130724383939,"train/loss":6.164973258972168,"eval/top1":0.2546689303904924,"eval/loss":6.9829358552631575,"train/grad_max":0.20811244419642858,"train/grad_global":3.3247128554752896,"eval_ema/advtop5":0,"_step":63,"eval_ema/loss":7.025838285229202,"eval_ema/advloss":0,"_wandb":{"runtime":1029},"eval/advtop1":0,"lr":4.38730661162561e-05,"eval_ema/top1":0.2546689303904924,"train/grad_avg":0.034440149319415504}